{
  "lstm": {
    "params": 50497,
    "description": "LSTM classifier",
    "accuracy": 0.9719424460431655,
    "precision": 0.972488038277512,
    "recall": 0.9806996381182147,
    "f1": 0.9765765765765766,
    "fpr": 0.040998217468805706,
    "fnr": 0.019300361881785282,
    "tp": 813,
    "tn": 538,
    "fp": 23,
    "fn": 16,
    "auroc": 0.9952372658680755
  },
  "bilstm": {
    "params": 133761,
    "description": "Bidirectional LSTM classifier",
    "accuracy": 0.979136690647482,
    "precision": 0.9807692307692307,
    "recall": 0.9843184559710495,
    "f1": 0.9825406381697772,
    "fpr": 0.0285204991087344,
    "fnr": 0.015681544028950542,
    "tp": 816,
    "tn": 545,
    "fp": 16,
    "fn": 13,
    "auroc": 0.998058352631545
  },
  "lstm_transformer": {
    "params": 133441,
    "description": "LSTM + Transformer hybrid",
    "accuracy": 0.9798561151079137,
    "precision": 0.9866342648845686,
    "recall": 0.9794933655006032,
    "f1": 0.9830508474576272,
    "fpr": 0.0196078431372549,
    "fnr": 0.020506634499396863,
    "tp": 812,
    "tn": 550,
    "fp": 11,
    "fn": 17,
    "auroc": 0.995484541003593
  },
  "cnn_bilstm": {
    "params": 178625,
    "description": "CNN + BiLSTM hybrid",
    "accuracy": 0.981294964028777,
    "precision": 0.9854897218863361,
    "recall": 0.9831121833534379,
    "f1": 0.9842995169082125,
    "fpr": 0.0213903743315508,
    "fnr": 0.016887816646562123,
    "tp": 815,
    "tn": 549,
    "fp": 12,
    "fn": 14,
    "auroc": 0.9985808557439864
  },
  "transformer": {
    "params": 103233,
    "description": "Pure Transformer classifier",
    "accuracy": 0.9705035971223022,
    "precision": 0.964622641509434,
    "recall": 0.9867310012062727,
    "f1": 0.9755515802027431,
    "fpr": 0.053475935828877004,
    "fnr": 0.013268998793727383,
    "tp": 818,
    "tn": 531,
    "fp": 30,
    "fn": 11,
    "auroc": 0.9923280201432476
  },
  "mlp": {
    "params": 7361,
    "description": "Multi-layer Perceptron",
    "accuracy": 0.958273381294964,
    "precision": 0.9672727272727273,
    "recall": 0.962605548854041,
    "f1": 0.9649334945586457,
    "fpr": 0.0481283422459893,
    "fnr": 0.03739445114595899,
    "tp": 798,
    "tn": 534,
    "fp": 27,
    "fn": 31,
    "auroc": 0.9910056357228713
  },
  "gru": {
    "params": 37889,
    "description": "GRU classifier",
    "accuracy": 0.9733812949640288,
    "precision": 0.9888888888888889,
    "recall": 0.9662243667068757,
    "f1": 0.9774252593044539,
    "fpr": 0.016042780748663103,
    "fnr": 0.033775633293124246,
    "tp": 801,
    "tn": 552,
    "fp": 9,
    "fn": 28,
    "auroc": 0.9979164382059437
  }
}