{
  "lstm": {
    "params": 50497,
    "description": "LSTM classifier",
    "accuracy": 0.7614322691975841,
    "precision": 0.9036807705538356,
    "recall": 0.6557663504742886,
    "f1": 0.7600173585997397,
    "fpr": 0.09497964721845319,
    "fnr": 0.34423364952571145,
    "tp": 2627,
    "tn": 2668,
    "fp": 280,
    "fn": 1379,
    "auroc": 0.8631527776178337
  },
  "bilstm": {
    "params": 133761,
    "description": "Bidirectional LSTM classifier",
    "accuracy": 0.7407247627264884,
    "precision": 0.8802209181912323,
    "recall": 0.63654518222666,
    "f1": 0.7388092133854846,
    "fpr": 0.11770691994572592,
    "fnr": 0.36345481777334,
    "tp": 2550,
    "tn": 2601,
    "fp": 347,
    "fn": 1456,
    "auroc": 0.853719505544939
  },
  "lstm_transformer": {
    "params": 133441,
    "description": "LSTM + Transformer hybrid",
    "accuracy": 0.7719298245614035,
    "precision": 0.8980263157894737,
    "recall": 0.6814777833250125,
    "f1": 0.7749077490774908,
    "fpr": 0.10515603799185888,
    "fnr": 0.31852221667498753,
    "tp": 2730,
    "tn": 2638,
    "fp": 310,
    "fn": 1276,
    "auroc": 0.843176847686408
  },
  "cnn_bilstm": {
    "params": 178625,
    "description": "CNN + BiLSTM hybrid",
    "accuracy": 0.7283577796951395,
    "precision": 0.9304595363969093,
    "recall": 0.5711432850723914,
    "f1": 0.7078112915699922,
    "fpr": 0.05800542740841248,
    "fnr": 0.4288567149276086,
    "tp": 2288,
    "tn": 2777,
    "fp": 171,
    "fn": 1718,
    "auroc": 0.8834094516298822
  },
  "transformer": {
    "params": 103233,
    "description": "Pure Transformer classifier",
    "accuracy": 0.7802703480011505,
    "precision": 0.9686081694402421,
    "recall": 0.6392910634048926,
    "f1": 0.7702255639097745,
    "fpr": 0.028154681139755767,
    "fnr": 0.36070893659510733,
    "tp": 2561,
    "tn": 2865,
    "fp": 83,
    "fn": 1445,
    "auroc": 0.8954027828677608
  },
  "mlp": {
    "params": 7361,
    "description": "Multi-layer Perceptron",
    "accuracy": 0.7351164797238999,
    "precision": 0.8839602555003548,
    "recall": 0.6218172740888667,
    "f1": 0.7300703399765534,
    "fpr": 0.11092265943012211,
    "fnr": 0.3781827259111333,
    "tp": 2491,
    "tn": 2621,
    "fp": 327,
    "fn": 1515,
    "auroc": 0.802720190406385
  },
  "gru": {
    "params": 37889,
    "description": "GRU classifier",
    "accuracy": 0.7448950244463618,
    "precision": 0.9102941176470588,
    "recall": 0.618072890664004,
    "f1": 0.7362473981564079,
    "fpr": 0.08276797829036635,
    "fnr": 0.381927109335996,
    "tp": 2476,
    "tn": 2704,
    "fp": 244,
    "fn": 1530,
    "auroc": 0.8727201345200652
  }
}