{
  "lstm": {
    "params": 50497,
    "description": "LSTM classifier",
    "accuracy": 0.8650080626583736,
    "precision": 0.8636847710330139,
    "recall": 0.8309426229508197,
    "f1": 0.8469973890339425,
    "fpr": 0.10715780661364588,
    "fnr": 0.16905737704918034,
    "tp": 1622,
    "tn": 2133,
    "fp": 256,
    "fn": 330,
    "auroc": 0.9377273054779762
  },
  "bilstm": {
    "params": 133761,
    "description": "Bidirectional LSTM classifier",
    "accuracy": 0.8799815710665745,
    "precision": 0.849194729136164,
    "recall": 0.8913934426229508,
    "f1": 0.8697825543614097,
    "fpr": 0.12934282126412724,
    "fnr": 0.10860655737704918,
    "tp": 1740,
    "tn": 2080,
    "fp": 309,
    "fn": 212,
    "auroc": 0.943711336624831
  },
  "lstm_transformer": {
    "params": 133441,
    "description": "LSTM + Transformer hybrid",
    "accuracy": 0.8562543192812716,
    "precision": 0.8293650793650794,
    "recall": 0.8565573770491803,
    "f1": 0.842741935483871,
    "fpr": 0.14399330263708665,
    "fnr": 0.14344262295081966,
    "tp": 1672,
    "tn": 2045,
    "fp": 344,
    "fn": 280,
    "auroc": 0.9296722212119757
  },
  "cnn_bilstm": {
    "params": 178625,
    "description": "CNN + BiLSTM hybrid",
    "accuracy": 0.9145358212393457,
    "precision": 0.9140911471974856,
    "recall": 0.8939549180327869,
    "f1": 0.9039109039109039,
    "fpr": 0.06864796986186689,
    "fnr": 0.10604508196721311,
    "tp": 1745,
    "tn": 2225,
    "fp": 164,
    "fn": 207,
    "auroc": 0.9702548265959418
  },
  "transformer": {
    "params": 103233,
    "description": "Pure Transformer classifier",
    "accuracy": 0.7489057820778623,
    "precision": 0.7062200956937799,
    "recall": 0.7561475409836066,
    "f1": 0.7303315190499753,
    "fpr": 0.25701130179991627,
    "fnr": 0.24385245901639344,
    "tp": 1476,
    "tn": 1775,
    "fp": 614,
    "fn": 476,
    "auroc": 0.8125078270282511
  },
  "mlp": {
    "params": 7361,
    "description": "Multi-layer Perceptron",
    "accuracy": 0.7627274821469707,
    "precision": 0.7481162540365985,
    "recall": 0.7120901639344263,
    "f1": 0.7296587926509187,
    "fpr": 0.19589786521557137,
    "fnr": 0.28790983606557374,
    "tp": 1390,
    "tn": 1921,
    "fp": 468,
    "fn": 562,
    "auroc": 0.8389630752972984
  },
  "gru": {
    "params": 37889,
    "description": "GRU classifier",
    "accuracy": 0.9046302695231514,
    "precision": 0.9116702355460385,
    "recall": 0.8724385245901639,
    "f1": 0.8916230366492146,
    "fpr": 0.06906655504395144,
    "fnr": 0.12756147540983606,
    "tp": 1703,
    "tn": 2224,
    "fp": 165,
    "fn": 249,
    "auroc": 0.9695287357011988
  },
  "timemixer++": {
    "params": 116929,
    "description": "TimeMixer++ (ours)",
    "accuracy": 0.7120479152269062,
    "precision": 0.6857142857142857,
    "recall": 0.6639344262295082,
    "f1": 0.674648620510151,
    "fpr": 0.2486395981582252,
    "fnr": 0.3360655737704918,
    "tp": 1296,
    "tn": 1795,
    "fp": 594,
    "fn": 656,
    "auroc": 0.7789484248159254
  }
}